"","Latitude","Longitude","ACF_value","P_value"
"1",57.9,-127.2,0.346070775723837,0.0432914226181276
"2",57.9,-125.3,0.336144546916571,0.0496551238825627
"3",58,-127.5,0.354044946520927,0.038691513688038
"4",58,-127.4,0.34636272706384,0.0431152033794849
"5",58.1,-127.4,0.357935842987512,0.0366021988806242
"6",58.1,-127.3,0.353587809136115,0.0389435115191614
"7",58.1,-127.2,0.338748280830098,0.0479143204626162
"8",58.1,-126,0.337833519508636,0.0485199748289012
"9",58.1,-125.9,0.339570328806932,0.0473754830525194
"10",58.2,-128.5,0.432424423393992,0.011564848818952
"11",58.2,-128.4,0.432726448836958,0.0115069354885968
"12",58.2,-127.6,0.367965628004359,0.0316547908523312
"13",58.2,-127.5,0.360061945712893,0.0355017015180709
"14",58.2,-127.4,0.359214474061323,0.0359369326869606
"15",58.2,-127.3,0.364764096196515,0.0331676979775646
"16",58.2,-127.2,0.350613693710027,0.0406172702729031
"17",58.3,-129.6,0.380965092710245,0.0261045095166155
"18",58.3,-129.5,0.390901720807157,0.0224493058838688
"19",58.3,-129.3,0.399189972015378,0.0197492452089058
"20",58.3,-129.2,0.390612836458455,0.0225489393827925
"21",58.3,-129.1,0.39737772232194,0.0203140952607458
"22",58.3,-129,0.412451869901942,0.0160172976941688
"23",58.3,-128.9,0.425875513898774,0.0128858425613667
"24",58.3,-128.8,0.424678604885853,0.0131412072577919
"25",58.3,-128.7,0.429788803738189,0.0120813055243306
"26",58.3,-128.6,0.436302904807419,0.0108404671860222
"27",58.3,-128.5,0.44423843077971,0.00948280199263296
"28",58.3,-128.4,0.448470224270258,0.0088226453399185
"29",58.3,-127.5,0.350464104322589,0.0407030420361871
"30",58.3,-127.4,0.337969046788151,0.0484298398975852
"31",58.4,-129.7,0.355213349140331,0.0380537184511887
"32",58.4,-129.5,0.397551768383049,0.0202592427041804
"33",58.4,-129.4,0.404003399931662,0.018315066029682
"34",58.4,-129.3,0.400906174250922,0.0192270249966098
"35",58.4,-129.2,0.393811202733318,0.0214670022122398
"36",58.4,-129.1,0.395303922466583,0.0209777119668265
"37",58.4,-129,0.401582603106095,0.0190245355699863
"38",58.4,-128.9,0.416124314228369,0.0151002194923487
"39",58.4,-128.8,0.426268504461062,0.012802959382026
"40",58.4,-128.7,0.434021602767731,0.0112614979194313
"41",58.4,-128.6,0.438162737366551,0.0105076363372013
"42",58.4,-128.5,0.440584432998527,0.0100878947954006
"43",58.4,-128.4,0.441889693506811,0.00986790923197034
"44",58.4,-127.8,0.413591984046172,0.0157274836076337
"45",58.4,-127.7,0.407140078163583,0.0174303085492888
"46",58.4,-127.6,0.380008741230384,0.0264820411812482
"47",58.4,-127.5,0.335777006344882,0.0499050747022983
"48",58.5,-129.7,0.343497074218417,0.0448713773318771
"49",58.5,-129.6,0.375768217058141,0.0282134027859938
"50",58.5,-129.5,0.385188041710566,0.0244925589965743
"51",58.5,-129.4,0.394307204231991,0.021303329544176
"52",58.5,-129.3,0.405479355368306,0.0178939633660095
"53",58.5,-129.2,0.40213011476372,0.0188620054202148
"54",58.5,-129.1,0.404915513947176,0.0180538202395567
"55",58.5,-129,0.407133576342691,0.0174321030464706
"56",58.5,-128.9,0.410800322301893,0.0164454416092233
"57",58.5,-128.8,0.418707017601712,0.0144832774537549
"58",58.5,-128.7,0.422316210466478,0.0136583973277909
"59",58.5,-128.6,0.425752987416621,0.0129117807554024
"60",58.5,-128.5,0.421412902058102,0.01386085762381
"61",58.5,-128.4,0.420328076446628,0.0141075001995321
"62",58.5,-128.3,0.416874645029411,0.0149186422797665
"63",58.5,-128.2,0.402921269710433,0.0186292947336614
"64",58.5,-128.1,0.406418617715919,0.0176304219908624
"65",58.5,-128,0.401276892956174,0.0191158180386886
"66",58.5,-127.9,0.40596622572313,0.017756927935012
"67",58.5,-127.8,0.398439181575604,0.0199815691433805
"68",58.5,-127.7,0.371595263988192,0.0300115300661962
"69",58.6,-130.5,0.377991608532139,0.0272938224176157
"70",58.6,-130.4,0.372068825264378,0.0298026369521545
"71",58.6,-130.3,0.359376292145565,0.0358534790154628
"72",58.6,-129.6,0.338194334823522,0.0482803191110561
"73",58.6,-129.5,0.354015180147263,0.0387078801784599
"74",58.6,-129.4,0.37174521828755,0.0299452478228915
"75",58.6,-129.3,0.386984516790109,0.0238334161915384
"76",58.6,-129.2,0.402151942672933,0.0188555510016591
"77",58.6,-129.1,0.416037613280515,0.0151213257333114
"78",58.6,-129,0.418732558303744,0.0144772890916598
"79",58.6,-128.9,0.419796033976551,0.0142298732113452
"80",58.6,-128.8,0.419681491963913,0.0142563407594917
"81",58.6,-128.7,0.418772074251072,0.0144680283470663
"82",58.6,-128.6,0.405678171227332,0.0178378927614969
"83",58.6,-128.5,0.39064415937572,0.0225381178575643
"84",58.6,-128.4,0.404474428766018,0.0181797445958695
"85",58.6,-128.3,0.411134731373573,0.0163579471777163
"86",58.6,-128.2,0.404676172471693,0.0181220541430183
"87",58.6,-128.1,0.398548874061722,0.0199474778823369
"88",58.6,-128,0.394910841216922,0.0211056059667142
"89",58.6,-127.9,0.377531245269121,0.0274820734541544
"90",58.6,-127.8,0.36474270596631,0.0331780106516625
"91",58.6,-127.7,0.354884933461757,0.0382320807364945
"92",58.7,-130.6,0.386232113834993,0.0241075832270503
"93",58.7,-130.5,0.392677026435575,0.0218453822829183
"94",58.7,-130.4,0.38094598543047,0.0261120065643013
"95",58.7,-130.3,0.355249423683995,0.0380341695986808
"96",58.7,-130.2,0.341698149283207,0.0460043542571402
"97",58.7,-129.7,0.347384127331705,0.0425034582808252
"98",58.7,-129.6,0.361005783934364,0.0350222811172852
"99",58.7,-129.5,0.362545812470994,0.0342518950544777
"100",58.7,-129.4,0.38327339590365,0.025212392145523
"101",58.7,-129.3,0.3979332985088,0.0201394511699958
"102",58.7,-129.2,0.401193514240019,0.0191407805778592
"103",58.7,-129.1,0.402510755628037,0.0187497280817568
"104",58.7,-129,0.396812568338731,0.0204931042284043
"105",58.7,-128.9,0.407478676557445,0.0173370792551718
"106",58.7,-128.8,0.411403531113932,0.0162879154574953
"107",58.7,-128.7,0.409300626064791,0.0168428957669806
"108",58.7,-128.6,0.410818890336131,0.0164405727309666
"109",58.7,-128.5,0.410882789050144,0.016423826994768
"110",58.7,-128.4,0.410290249259168,0.0165796883318834
"111",58.7,-128.3,0.406623787337783,0.0175733096394451
"112",58.7,-128.2,0.393188090029265,0.0216741705090439
"113",58.7,-128.1,0.355632026458622,0.0378273616502093
"114",58.8,-130.7,0.367594095967115,0.0318272698691814
"115",58.8,-130.6,0.380678769264769,0.0262170482882347
"116",58.8,-130.5,0.38657154328413,0.0239835622817676
"117",58.8,-130.4,0.384169770229918,0.0248731413608998
"118",58.8,-130.3,0.366443717469983,0.0323664373906865
"119",58.8,-130.2,0.343602353806134,0.0448058067783267
"120",58.8,-129.8,0.335703885960615,0.0499549267941805
"121",58.8,-129.7,0.350025275383639,0.0409555446227883
"122",58.8,-129.6,0.367613351858248,0.0318183108092766
"123",58.8,-129.5,0.382035839622976,0.0256873477394385
"124",58.8,-129.4,0.396597923346561,0.0205614512817904
"125",58.8,-129.3,0.409731447860296,0.016727863759591
"126",58.8,-129.2,0.412451629204,0.0160173593713936
"127",58.8,-129.1,0.410569566566737,0.0165060557504446
"128",58.8,-129,0.402751874681969,0.0186789082313111
"129",58.8,-128.9,0.405402850615119,0.0179155805559669
"130",58.8,-128.8,0.407918406613255,0.0172166574006617
"131",58.8,-128.7,0.409612412737375,0.0167595776872319
"132",58.8,-128.6,0.412243881231725,0.0160706713135998
"133",58.8,-128.5,0.405963129624662,0.0177577964549834
"134",58.8,-128.4,0.394907785271508,0.0211066029128504
"135",58.8,-128.3,0.372869071797963,0.0294524801970727
"136",58.9,-130.6,0.368042457434674,0.031619223960078
"137",58.9,-130.5,0.373422150305075,0.0292125478386721
"138",58.9,-130.4,0.36587227254901,0.0326371627847095
"139",58.9,-130.3,0.338794434715197,0.0478839315559403
"140",58.9,-130.2,0.345253781417344,0.0437877904639918
"141",58.9,-130.1,0.359246259925793,0.0359205268540429
"142",58.9,-130,0.366205591404789,0.0324790162972528
"143",58.9,-129.9,0.370596667640377,0.0304561500448453
"144",58.9,-129.8,0.379065578713992,0.0268589769205455
"145",58.9,-129.7,0.387425009235084,0.0236741642626723
"146",58.9,-129.6,0.38906018758069,0.0230910435320305
"147",58.9,-129.5,0.39015608414433,0.0227072532220904
"148",58.9,-129.4,0.385115752356647,0.0245194100060111
"149",58.9,-129.3,0.386969915538648,0.0238387108781677
"150",58.9,-129.2,0.389126181566587,0.0230677736083341
"151",58.9,-129.1,0.400758739635165,0.0192714088501471
"152",58.9,-129,0.399246748499445,0.0197317726648794
"153",58.9,-128.9,0.391484628486527,0.0222494311394836
"154",58.9,-128.8,0.398077474161727,0.0200943445719046
"155",58.9,-128.7,0.403502755811555,0.0184598615193914
"156",58.9,-128.6,0.406927562553125,0.0174890466289113
"157",58.9,-128.5,0.39700021090466,0.0204335176629908
"158",58.9,-128.4,0.358006752103697,0.036565032279205
"159",58.9,-108.8,0.33899659996482,0.0477510115468027
"160",58.9,-108.7,0.351407848046414,0.0401644786349772
"161",58.9,-108.6,0.365769005222351,0.032686292625704
"162",58.9,-108.5,0.367988735240606,0.0316440901401037
"163",58.9,-108.4,0.358102749964357,0.0365147667946768
"164",58.9,-108.3,0.345997992008007,0.0433354488707983
"165",58.9,-108.2,0.339839597275885,0.0472000941648036
"166",59,-130.4,0.402709733064261,0.0186912688787919
"167",59,-130.3,0.398906267940101,0.0198367556180108
"168",59,-130.2,0.404559455809304,0.0181554107603816
"169",59,-130.1,0.421072927043464,0.0139377404815856
"170",59,-130,0.425338734816145,0.0129998182072075
"171",59,-129.9,0.408705544780792,0.0170029277408935
"172",59,-129.8,0.401765425756275,0.0189701285725435
"173",59,-129.7,0.405722675303858,0.0178253627042878
"174",59,-129.6,0.400372644012435,0.0193880639667111
"175",59,-129.5,0.372541116762034,0.0295955502635243
"176",59,-129.4,0.361148836535245,0.0349501024170328
"177",59,-129.3,0.375654883513556,0.028260983559907
"178",59,-129.2,0.370379779454296,0.0305534628469584
"179",59,-129.1,0.381465387634499,0.0259088718600085
"180",59,-129,0.388081804459892,0.0234384268459311
"181",59,-128.9,0.38105939107189,0.0260675372860866
"182",59,-128.8,0.378827955554627,0.0269546706319606
"183",59,-128.7,0.381732068224429,0.0258051067803197
"184",59,-128.6,0.382652167043436,0.0254498517906935
"185",59,-109.3,0.346328372358067,0.0431359080542768
"186",59,-109.2,0.347502702544981,0.0424329181856585
"187",59,-109.1,0.339047432029371,0.0477176392160302
"188",59,-108.9,0.343854649287088,0.0446490001646322
"189",59,-108.8,0.354156191814683,0.0386303995622452
"190",59,-108.7,0.356277307210733,0.037480735683741
"191",59,-108.6,0.38104387151228,0.0260736190367051
"192",59,-108.5,0.361800736645175,0.0346227853887185
"193",59,-108.4,0.351529572137285,0.040095456758358
"194",59,-108.3,0.339947222305507,0.0471301451764183
"195",59.1,-130.4,0.440328226213649,0.0101315844970983
"196",59.1,-130.3,0.440130022313024,0.010165498747062
"197",59.1,-130.2,0.438682370587705,0.0104162835984473
"198",59.1,-130.1,0.438021390056869,0.0105326085110304
"199",59.1,-130,0.448206050526153,0.00886262193346243
"200",59.1,-129.9,0.442505644891226,0.00976559055182258
"201",59.1,-129.8,0.418212188642725,0.0145997286585017
"202",59.1,-129.7,0.399750810628395,0.0195772422651769
"203",59.1,-129.6,0.38954615357097,0.0229201652954262
"204",59.1,-129.5,0.375925866433889,0.02814733172324
"205",59.1,-129.4,0.362684107266609,0.0341834283743461
"206",59.1,-128.9,0.335803268586396,0.0498871797883401
"207",59.1,-109.6,0.366590037738903,0.0322974274893008
"208",59.1,-109.5,0.366600719545699,0.0322923945065103
"209",59.1,-109.4,0.362271276937073,0.0343881587860829
"210",59.1,-109.3,0.34484296122937,0.0440391962569917
"211",59.1,-109.2,0.349790306274598,0.0410912908294231
"212",59.1,-109.1,0.369474528350645,0.03096251717763
"213",59.1,-109,0.371232961170403,0.0301721944235792
"214",59.1,-108.9,0.355865693095745,0.0377015291152719
"215",59.1,-108.8,0.350659072509434,0.0405912812244995
"216",59.1,-108.7,0.351163410007068,0.0403033880885111
"217",59.1,-108.6,0.348173560965856,0.042035688499819
"218",59.1,-108.5,0.339065657230408,0.047705678759793
"219",59.1,-108.4,0.344624112840728,0.0441736195993074
"220",59.1,-108.3,0.339163745711385,0.0476413505596816
"221",59.2,-130.3,0.45901080692139,0.00735335661965497
"222",59.2,-130.2,0.463503042061237,0.00679688326912087
"223",59.2,-130.1,0.463413449410781,0.00680760101381617
"224",59.2,-130,0.460726512248327,0.00713617308580849
"225",59.2,-129.9,0.449966660159692,0.0085992204873504
"226",59.2,-129.8,0.418902589906981,0.0144374785106759
"227",59.2,-129.7,0.39380351533747,0.0214695475241499
"228",59.2,-129.6,0.390448073666134,0.0226059364605616
"229",59.2,-129.5,0.379889825652492,0.0265293127188097
"230",59.2,-129.4,0.345200808940219,0.0438201393209228
"231",59.2,-108.3,0.377401682939798,0.0275352554344067
"232",59.2,-108.2,0.377391008682944,0.0275396408958394
"233",59.3,-130.4,0.468270230075765,0.00624801013963616
"234",59.3,-130.3,0.467491006616114,0.00633490566342487
"235",59.3,-130.2,0.470506595826092,0.00600454797629102
"236",59.3,-130.1,0.469220821427785,0.00614345824274776
"237",59.3,-130,0.463693252650045,0.00677417910826461
"238",59.3,-129.9,0.455617122748589,0.00780049100754554
"239",59.3,-129.8,0.439164925036928,0.010332082936742
"240",59.3,-129.7,0.41275737211432,0.0159391829267254
"241",59.3,-129.6,0.37994377321394,0.0265078583598187
"242",59.3,-129.5,0.35058415511291,0.0406341950026265
"243",59.4,-130.3,0.472309864554818,0.00581449640357778
"244",59.4,-130.2,0.47141584041143,0.00590803157243402
"245",59.4,-130.1,0.471625701304286,0.00588595438526096
"246",59.4,-130,0.4598156423549,0.00725074828569483
"247",59.4,-129.9,0.438561132100434,0.010437534172001
"248",59.4,-129.8,0.423113629336347,0.0134818457100805
"249",59.4,-129.7,0.403847021049526,0.0183601865314189
"250",59.4,-129.6,0.361928627656128,0.0345588798699918
"251",59.5,-130.4,0.478878822192525,0.00516717679959411
"252",59.5,-130.3,0.475696875520561,0.00547212752969151
"253",59.5,-130.2,0.471760057694636,0.00587185927756873
"254",59.5,-130.1,0.468187866833832,0.00625714393411003
"255",59.5,-130,0.450099095153485,0.00857969306264306
"256",59.5,-129.9,0.406397426529005,0.0176363301670407
"257",59.5,-129.8,0.370906861109209,0.0303174360263967
"258",59.6,-130.6,0.484791929852602,0.00464096233840328
"259",59.6,-130.5,0.485332750962986,0.00459534301048714
"260",59.6,-130.4,0.483559876320205,0.00474642337000564
"261",59.6,-130.3,0.475084919251172,0.00553260562974922
"262",59.6,-130.2,0.469017742622767,0.00616566083096226
"263",59.6,-130.1,0.461916267979433,0.00698896662083748
"264",59.6,-130,0.444684669130121,0.00941116929026842
"265",59.6,-129.9,0.396469042883469,0.0206025847120592
"266",59.7,-130.6,0.497335943895386,0.00368188812970183
"267",59.7,-130.5,0.49007757548373,0.00421218627077802
"268",59.7,-130.4,0.478220268577279,0.00522900086178635
"269",59.7,-130.3,0.466116606227199,0.00649082731543082
"270",59.7,-130.2,0.445530164835566,0.00927676802677269
"271",59.7,-130.1,0.42557341849026,0.0129498779818872
"272",59.7,-130,0.383528575040776,0.0251154090853581
"273",59.8,-130.6,0.508030322950329,0.00301060037584933
"274",59.8,-130.5,0.495102199250564,0.00383823319750987
"275",59.8,-130.4,0.479904400889631,0.00507221148998716
"276",59.8,-130.3,0.459434071918113,0.00729923336847915
"277",59.8,-130.2,0.418641904167999,0.0144985540601711
"278",59.8,-130.1,0.354197242100813,0.0386078687546307
"279",59.9,-130.6,0.50681128745408,0.00308103784615921
"280",59.9,-130.5,0.490809051583739,0.00415576694894371
"281",59.9,-130.4,0.472683680048245,0.00577578423679148
"282",59.9,-130.3,0.445768380985112,0.0092392113779457
"283",59.9,-130.2,0.388043149993473,0.0234522440955921
"284",60,-130.9,0.487486959191704,0.00441763435606801
"285",60,-130.8,0.507117840997072,0.00306318473165512
"286",60,-130.7,0.512905286176982,0.00274336038266187
"287",60,-130.6,0.498044080121561,0.00363354648270986
"288",60,-130.5,0.479152430262902,0.00514168567194517
"289",60,-130.4,0.441306354383765,0.00996569005585335
"290",60,-130.3,0.393261199396354,0.0216497738297232
"291",60,-130.2,0.336638451470606,0.04932089181527
"292",60.1,-130.9,0.524113592459695,0.00220914577218212
"293",60.1,-130.8,0.52361618502759,0.00223066964884899
"294",60.1,-130.7,0.516327172230252,0.00256891897284317
"295",60.1,-130.6,0.498324102435217,0.00361459025562683
"296",60.1,-130.5,0.471910468837268,0.00585611599367664
"297",60.1,-130.4,0.435177855783729,0.0110463219823186
"298",60.1,-130.3,0.379527274776325,0.0266738847749214
"299",60.2,-131.1,0.54455989268715,0.00147290974824199
"300",60.2,-131,0.535177558464036,0.00177696084384515
"301",60.2,-130.9,0.538983311606029,0.00164727124502251
"302",60.2,-130.8,0.534838021037234,0.00178897594866234
"303",60.2,-130.7,0.52067078791102,0.00236210983590024
"304",60.2,-130.6,0.504644740082594,0.00320994300017985
"305",60.2,-130.5,0.487093180971444,0.00444964590589447
"306",60.2,-130.4,0.448679975854005,0.00879101910250057
"307",60.2,-130.3,0.403080781603529,0.0185826813155044
"308",60.2,-130.2,0.358326323764333,0.0363979294054809
"309",60.3,-131.4,0.535082574920342,0.00178031450185734
"310",60.3,-131.3,0.537408156930448,0.00169985386422733
"311",60.3,-131.2,0.537087629965678,0.00171074112303005
"312",60.3,-131.1,0.539679547948456,0.00162450961809779
"313",60.3,-131,0.538103364392616,0.00167645860789023
"314",60.3,-130.9,0.534788004467706,0.00179075216627622
"315",60.3,-130.8,0.53629862955003,0.00173781470048329
"316",60.3,-130.7,0.534505319331912,0.00180082155257688
"317",60.3,-130.6,0.521373595741801,0.00233011791778037
"318",60.3,-130.5,0.494335987495209,0.00389323610292569
"319",60.3,-130.4,0.458640216363144,0.00740103966479877
"320",60.3,-130.3,0.417403453483487,0.0147918309287532
"321",60.3,-130.2,0.379350582868694,0.026744589336211
"322",60.3,-130.1,0.348040810932325,0.042114041948214
"323",60.4,-131.2,0.541891222243361,0.0015541111004882
"324",60.4,-131.1,0.54318753698943,0.00151416585947017
"325",60.4,-131,0.545445064445735,0.0014468516943037
"326",60.4,-130.9,0.543509857155287,0.00150438164879596
"327",60.4,-130.8,0.54486311478309,0.00146393506224562
"328",60.4,-130.7,0.543483635809591,0.00150517543079531
"329",60.4,-130.6,0.531977592241506,0.00189320105356905
"330",60.4,-130.5,0.503969527988815,0.00325110996983125
"331",60.4,-130.4,0.468730244694227,0.00619721651219984
"332",60.4,-130.3,0.431298827536799,0.0117829662755953
"333",60.4,-130.2,0.399316292793924,0.0197103893164763
"334",60.4,-130.1,0.374097741821578,0.0289217515074397
"335",60.4,-130,0.355655663990264,0.0378146163100316
"336",60.4,-129.9,0.339800397904808,0.0472255927876358
"337",60.4,-128.7,0.352230585544903,0.0396999125358732
"338",60.4,-128.6,0.349110468439514,0.0414861950222863
"339",60.5,-131.4,0.539101208528102,0.00164339638941269
"340",60.5,-131.3,0.540597454530053,0.00159494338354216
"341",60.5,-130.9,0.538718824041513,0.00165599462163946
"342",60.5,-130.8,0.533978603907746,0.00181972235577099
"343",60.5,-130.7,0.533629495170575,0.00183235014621619
"344",60.5,-130.6,0.531742451096921,0.00190201225505915
"345",60.5,-130.5,0.525815958792931,0.0021369132223269
"346",60.5,-130.4,0.511514788711174,0.0028172870028923
"347",60.5,-130.3,0.477722897339896,0.00527613546507366
"348",60.5,-130.2,0.432509674239846,0.0115484758404367
"349",60.5,-130.1,0.390520720972986,0.022580789860787
"350",60.5,-130,0.374128901314443,0.0289083997898342
"351",60.5,-129.9,0.357490248997085,0.0368364917622486
"352",60.5,-129.8,0.342427448518222,0.0455421647112194
"353",60.5,-129.1,0.340612304066719,0.0466998186578684
"354",60.5,-129,0.349423661705408,0.0413038698667409
"355",60.5,-128.9,0.368686415583375,0.0313224595747015
"356",60.5,-128.8,0.380662289264924,0.026223538456596
"357",60.5,-128.7,0.389254756866993,0.0230224955776153
"358",60.5,-128.6,0.388399342467395,0.0233251883377413
"359",60.5,-128.5,0.366716355537652,0.0322379529087312
"360",60.5,-128.4,0.345583093079917,0.0435871407889793
"361",60.6,-131,0.542261695222294,0.00154259725595229
"362",60.6,-130.9,0.543672201750986,0.00149947567401731
"363",60.6,-130.8,0.542477473644813,0.00153592738352026
"364",60.6,-130.7,0.538003180213865,0.00167981165720199
"365",60.6,-130.6,0.52938834520331,0.00199232444341746
"366",60.6,-130.5,0.520167304391228,0.00238527518909626
"367",60.6,-130.4,0.509739205364009,0.00291433068162972
"368",60.6,-130.3,0.491915984791481,0.00407169141929054
"369",60.6,-130.2,0.456746585954367,0.00764904502316932
"370",60.6,-130.1,0.413110527853078,0.0158493010779576
"371",60.6,-130,0.386190590481766,0.0241227931621805
"372",60.6,-129.9,0.371782412748263,0.0299288267558243
"373",60.6,-129.8,0.365916862910802,0.032615968300895
"374",60.6,-129.7,0.369163725726794,0.0311040389496765
"375",60.6,-129.6,0.365146445189907,0.0329838218518286
"376",60.6,-129.5,0.35892707838211,0.0360855582445635
"377",60.6,-129.4,0.355833275879792,0.0377189649053469
"378",60.6,-129.3,0.363531645864228,0.0337663807961088
"379",60.6,-129.2,0.368200228243284,0.0315462940596994
"380",60.6,-129.1,0.37228806000434,0.0297063541903043
"381",60.6,-129,0.378926846420544,0.0269148103885128
"382",60.6,-128.9,0.378406592655813,0.0271250823771018
"383",60.6,-128.8,0.379747153205508,0.026586124307289
"384",60.6,-128.7,0.371391598125144,0.0301017556152396
"385",60.6,-128.6,0.363832354950162,0.0336194605773433
"386",60.6,-128.5,0.353381920106042,0.0390574627949107
"387",60.6,-128.4,0.343385935356756,0.0449406849667886
"388",60.6,-128.3,0.335739613344945,0.0499305633268792
"389",60.7,-131.4,0.511964340972452,0.00279318964117581
"390",60.7,-131.3,0.529143614611229,0.00200193563113782
"391",60.7,-131.2,0.537771107555547,0.00168760257399603
"392",60.7,-131.1,0.539981723012326,0.00161472116711781
"393",60.7,-131,0.539915754972514,0.00161685344673379
"394",60.7,-130.9,0.53812183627651,0.00167584104787788
"395",60.7,-130.8,0.533887242974831,0.00182301926999506
"396",60.7,-130.7,0.523883332304473,0.00221908584576747
"397",60.7,-130.6,0.514251888764396,0.00267346081445285
"398",60.7,-130.5,0.508486372855508,0.00298462901968399
"399",60.7,-130.4,0.49901234757095,0.00356838082177047
"400",60.7,-130.3,0.483005307526141,0.00479459730280996
"401",60.7,-130.2,0.45561115636205,0.00780129810363417
"402",60.7,-130.1,0.421980036042196,0.0137334375452445
"403",60.7,-130,0.392674358167863,0.0218462792606037
"404",60.7,-129.9,0.403018535296372,0.0186008591080989
"405",60.7,-129.8,0.407900538662604,0.0172215362730862
"406",60.7,-129.7,0.409977514028559,0.016662472581122
"407",60.7,-129.6,0.398457165556582,0.0199759764297626
"408",60.7,-129.5,0.386416465828498,0.0240401557649228
"409",60.7,-129.4,0.380306270778339,0.0263640853799894
"410",60.7,-129.3,0.381883427807603,0.0257463729842851
"411",60.7,-129.2,0.386345977898906,0.0240659176661341
"412",60.7,-129.1,0.390626003593851,0.0225443898155626
"413",60.7,-129,0.400137213307474,0.0194594995406496
"414",60.7,-128.9,0.406436718370736,0.0176253768395515
"415",60.7,-128.8,0.398837199066644,0.0198581115467305
"416",60.7,-128.7,0.390631599566687,0.0225424565117319
"417",60.7,-128.6,0.381331677686108,0.0259610338879213
"418",60.7,-128.5,0.372192892568141,0.0297481165955256
"419",60.7,-128.4,0.376694333593741,0.0278271720137214
"420",60.7,-128.3,0.383905613485617,0.0249727035054816
"421",60.7,-128.2,0.378092839768287,0.0272525766596017
"422",60.7,-128.1,0.364995568566579,0.033056275699105
"423",60.7,-128,0.347981989310747,0.0421487998998864
"424",60.8,-131.6,0.498528920427566,0.00360078201868452
"425",60.8,-131.5,0.499557337726626,0.00353217163195374
"426",60.8,-131.4,0.507620903947464,0.00303409161217116
"427",60.8,-131.3,0.51143470062171,0.00282159983673791
"428",60.8,-131.2,0.516740060220662,0.00254857109354745
"429",60.8,-131.1,0.517615505600738,0.00250591429361646
"430",60.8,-131,0.510187385049758,0.00288955191427576
"431",60.8,-130.9,0.50337164913866,0.00328796293618494
"432",60.8,-130.8,0.496667081495297,0.00372808496659305
"433",60.8,-130.7,0.496251578908282,0.0037570474892431
"434",60.8,-130.6,0.490878405883547,0.00415045334382858
"435",60.8,-130.5,0.48171607684932,0.00490830371930195
"436",60.8,-130.4,0.473109757198903,0.00573194340097116
"437",60.8,-130.3,0.460848812554657,0.00712091375504798
"438",60.8,-130.2,0.456906169121171,0.00762786088958778
"439",60.8,-130.1,0.446662777497665,0.00909941095261468
"440",60.8,-130,0.450792435620144,0.00847810623303646
"441",60.8,-129.9,0.455511014337708,0.00781485587222175
"442",60.8,-129.8,0.448098843471463,0.00887889134889785
"443",60.8,-129.7,0.445407957514324,0.00929608779145419
"444",60.8,-129.6,0.437702089437004,0.0105892145505206
"445",60.8,-129.5,0.41385767996318,0.0156606108364847
"446",60.8,-129.4,0.40818806966815,0.0171431725613022
"447",60.8,-129.3,0.411240207842009,0.0163304353987135
"448",60.8,-129.2,0.415115148353469,0.0153475018649066
"449",60.8,-129.1,0.422203966810662,0.0136834117702449
"450",60.8,-129,0.443082985290705,0.00967054530708877
"451",60.8,-128.9,0.45457966497001,0.00794196163585648
"452",60.8,-128.8,0.451455516317742,0.00838196062450935
"453",60.8,-128.7,0.427920668866027,0.0124596499404812
"454",60.8,-128.6,0.409131249395388,0.0168883101595787
"455",60.8,-128.5,0.409731906133074,0.0167277417661686
"456",60.8,-128.4,0.402780705190188,0.018670456013946
"457",60.8,-128.3,0.393579391356051,0.0215438710144905
"458",60.8,-128.2,0.391942194981027,0.0220936208618453
"459",60.8,-128.1,0.383028727495409,0.0253056847452851
"460",60.8,-128,0.3698944099763,0.0307722050617886
"461",60.8,-127.9,0.350932480575453,0.0404349949036039
"462",60.8,-127.8,0.344566344128941,0.0442091606204855
"463",60.8,-127.7,0.342051144362934,0.0457801545033731
"464",60.8,-127.6,0.352031347082377,0.0398119938274604
"465",60.8,-127.5,0.356225310262457,0.0375085664391203
"466",60.8,-127.4,0.337636493499135,0.048651261874205
"467",60.9,-131.8,0.518974681735753,0.00244098008318061
"468",60.9,-131.7,0.517842292404375,0.00249497094827433
"469",60.9,-131.6,0.512180920604967,0.00278164763835365
"470",60.9,-131.5,0.508779241119425,0.00296805856662852
"471",60.9,-131.4,0.505757195807992,0.00314315266458687
"472",60.9,-131.3,0.507688356483353,0.00303020992030589
"473",60.9,-131.2,0.512106524429962,0.00278560745252954
"474",60.9,-131.1,0.514155979472325,0.0026783849235823
"475",60.9,-131,0.512799637979881,0.00274891439854674
"476",60.9,-130.9,0.505570192621047,0.00315429075135776
"477",60.9,-130.8,0.502376098364325,0.00335017343861077
"478",60.9,-130.7,0.502548877755042,0.00333930041922648
"479",60.9,-130.6,0.49575967530365,0.00379159980853505
"480",60.9,-130.5,0.488483215489757,0.00433757527406586
"481",60.9,-130.4,0.484693032484284,0.00464934874103717
"482",60.9,-130.3,0.47638147622514,0.00540517787854622
"483",60.9,-130.2,0.470379062153319,0.00601819869751308
"484",60.9,-130.1,0.463605754344066,0.00678461471457747
"485",60.9,-130,0.457581747481334,0.00753876152255928
"486",60.9,-129.9,0.461961737341582,0.00698339527415703
"487",60.9,-129.8,0.459191869003813,0.00733016014667887
"488",60.9,-129.7,0.455677579337874,0.00779231703050798
"489",60.9,-129.6,0.449271761293732,0.00870233533992881
"490",60.9,-129.5,0.420068708767762,0.0141670398469578
"491",60.9,-129.4,0.388919806064889,0.0231406108113301
"492",60.9,-129.3,0.387505144930681,0.0236452921505946
"493",60.9,-129.2,0.388040335266461,0.0234532505111867
"494",60.9,-129.1,0.416108449175328,0.0151040796967444
"495",60.9,-129,0.449656685089095,0.00864508145148202
"496",60.9,-128.9,0.460885391470676,0.00711635552145173
"497",60.9,-128.8,0.461051160989109,0.0070957311883455
"498",60.9,-128.7,0.448638565259812,0.00879725493409367
"499",60.9,-128.6,0.430375075038034,0.01196468841584
"500",60.9,-128.5,0.42399139171343,0.0132898400934185
"501",60.9,-128.4,0.4221907859545,0.0136863518881286
"502",60.9,-128.3,0.408692143988325,0.0170065468531981
"503",60.9,-128.2,0.411252831715836,0.0163271453972011
"504",60.9,-128.1,0.387975440628595,0.0234764642152839
"505",60.9,-128,0.388989661036272,0.0231159341973242
"506",60.9,-127.9,0.380247803524464,0.0263872288585522
"507",60.9,-127.8,0.372908175302386,0.029435461094282
"508",60.9,-127.7,0.355659756086184,0.0378124102258204
"509",60.9,-127.6,0.367330038223926,0.0319503446049425
"510",60.9,-127.5,0.374840913875095,0.0286047480090709
"511",60.9,-127.4,0.366333620026503,0.0324184465596773
"512",60.9,-127.3,0.355964677501528,0.0376483322005885
"513",60.9,-127.2,0.353172216006346,0.039173816545049
"514",60.9,-127.1,0.338952438880728,0.0477800201599297
"515",61,-131.9,0.537026113203665,0.00171283796870758
"516",61,-131.8,0.531893510635692,0.00189634744165268
"517",61,-131.7,0.52413747297407,0.00220811721601732
"518",61,-131.6,0.521802455409415,0.00231079160766223
"519",61,-131.5,0.522122532487013,0.00229646331956568
"520",61,-131.4,0.52138443802245,0.00232962749843368
"521",61,-131.3,0.525104973998671,0.00216681329951773
"522",61,-131.2,0.527147719543976,0.00208192255192863
"523",61,-131.1,0.523046317696237,0.00225556511767389
"524",61,-131,0.51324740778878,0.00272544503386851
"525",61,-130.9,0.508465701896444,0.00298580176303864
"526",61,-130.8,0.500852311790066,0.00344747056029826
"527",61,-130.7,0.488316532034954,0.00435087764132813
"528",61,-130.6,0.470469661478239,0.00600849841645246
"529",61,-130.5,0.460510989462538,0.00716313518472267
"530",61,-130.4,0.451681169445942,0.00834946441019024
"531",61,-130.3,0.448399494349973,0.00883333285646248
"532",61,-130.2,0.447222404888801,0.00901290072252015
"533",61,-130.1,0.447762863992533,0.00893005152465443
"534",61,-130,0.449129606346404,0.00872356511674155
"535",61,-129.9,0.451305595828418,0.00840361311501403
"536",61,-129.8,0.459978566550355,0.00723013416221041
"537",61,-129.7,0.464963750643672,0.00662426840479391
"538",61,-129.6,0.454749856251276,0.00791859746199808
"539",61,-129.5,0.430017556348588,0.0120356842860169
"540",61,-129.4,0.404230360727248,0.0182497529872898
"541",61,-129.3,0.376343323887204,0.0279730184531698
"542",61,-129.2,0.392450745085125,0.0219215640831825
"543",61,-129.1,0.413813084865395,0.0156718174377269
"544",61,-129,0.452777712647867,0.0081931506932521
"545",61,-128.9,0.461821634252379,0.00700057486363936
"546",61,-128.8,0.463132496002595,0.00684130932403937
"547",61,-128.7,0.463364057314948,0.00681351615867942
"548",61,-128.6,0.453744022159677,0.00805757837819188
"549",61,-128.5,0.448694229728132,0.00878887359075886
"550",61,-128.4,0.442009761947369,0.00984788945077963
"551",61,-128.3,0.437532616073648,0.0106193687975804
"552",61,-128.2,0.423410011639428,0.0134167413861682
"553",61,-128.1,0.420849437996376,0.0139884857457111
"554",61,-128,0.420899498927921,0.0139771047937594
"555",61,-127.9,0.414429723846097,0.0155174821041626
"556",61,-127.8,0.408315529540754,0.0171085348323734
"557",61,-127.7,0.403963970062269,0.0183264336949195
"558",61,-127.6,0.402120889976394,0.0188647337308305
"559",61,-127.5,0.395387511170065,0.0209506025582622
"560",61,-127.4,0.380207003127079,0.0264033895460601
"561",61,-127.3,0.356484423398337,0.037370053526514
"562",61,-127.2,0.344597665048997,0.0441898880692374
"563",61.1,-131.8,0.523928054154412,0.00221715205207396
"564",61.1,-131.7,0.495920020667717,0.00378030522662876
"565",61.1,-131.6,0.497993337185448,0.003636991207011
"566",61.1,-131.5,0.501806484685131,0.00338624800655751
"567",61.1,-131.4,0.503675207662928,0.00326920444259438
"568",61.1,-131.3,0.514653743054259,0.00265291891329256
"569",61.1,-131.2,0.516784826146491,0.00254637382664347
"570",61.1,-131.1,0.511490313135702,0.00281860440103954
"571",61.1,-131,0.505071828407142,0.00318414972006065
"572",61.1,-130.9,0.493574113473922,0.00394863656588096
"573",61.1,-130.8,0.479850914447878,0.00507712489805268
"574",61.1,-130.7,0.464805555761886,0.0066427703854276
"575",61.1,-130.6,0.466390478651031,0.00645948464076085
"576",61.1,-130.5,0.453194222709159,0.0081344663630567
"577",61.1,-130.4,0.454733388450847,0.00792085549887467
"578",61.1,-130.3,0.453110624047564,0.00814621475685995
"579",61.1,-130.2,0.452356118614786,0.00825293690317674
"580",61.1,-130.1,0.454096742917667,0.00800859457107739
"581",61.1,-130,0.455124146896282,0.00786743058950745
"582",61.1,-129.9,0.454806068360756,0.0079108940949919
"583",61.1,-129.8,0.452353521358902,0.00825330642648514
"584",61.1,-129.7,0.444644951761989,0.0094175253210852
"585",61.1,-129.6,0.451520859957898,0.00837253889677059
"586",61.1,-129.5,0.445872160781946,0.00922289215358207
"587",61.1,-129.4,0.425538200627669,0.0129573614338305
"588",61.1,-129.3,0.404334858499387,0.018219750038868
"589",61.1,-129.2,0.408823804761084,0.0169710189062399
"590",61.1,-129.1,0.436200902902437,0.0108589893084093
"591",61.1,-129,0.455008110429417,0.00788326142454565
"592",61.1,-128.9,0.449778300783319,0.00862706235341604
"593",61.1,-128.8,0.431913909993443,0.0116633279342625
"594",61.1,-128.7,0.439016733559453,0.0103578761091501
"595",61.1,-128.6,0.449050686974028,0.00873537110290623
"596",61.1,-128.5,0.45265403793059,0.00821064869124533
"597",61.1,-128.4,0.452188190322236,0.00827685930663413
"598",61.1,-128.3,0.444290376541036,0.00947443843145057
"599",61.1,-128.2,0.433296331855426,0.0113983611264878
"600",61.1,-128.1,0.417725447682634,0.0147150810046023
"601",61.1,-128,0.386397029228113,0.0240472570571568
"602",61.1,-127.9,0.373131826008409,0.0293382835905899
"603",61.1,-127.8,0.374349913091973,0.0288138493392571
"604",61.1,-127.7,0.388313261900904,0.0233558388548313
"605",61.1,-127.6,0.392120795698241,0.0220330618680205
"606",61.1,-127.5,0.379723259931409,0.0265956487779078
"607",61.1,-127.4,0.377645762416554,0.0274351409260244
"608",61.1,-127.3,0.373954226628803,0.0289833157456673
"609",61.1,-127.2,0.353673061876664,0.0388964103102201
"610",61.2,-131.7,0.501899179312062,0.00338035351298027
"611",61.2,-131.6,0.494222658435439,0.00390143199167292
"612",61.2,-131.5,0.48344627086798,0.00475625614732544
"613",61.2,-131.4,0.496036795352097,0.00377209897566455
"614",61.2,-131.3,0.502503519423122,0.00334215170702867
"615",61.2,-131.2,0.4999404748365,0.00350691643651568
"616",61.2,-131.1,0.496969013592256,0.00370716633744106
"617",61.2,-131,0.494671265495291,0.00386908049329504
"618",61.2,-130.9,0.489379729466576,0.00426665836127038
"619",61.2,-130.8,0.483971376635623,0.00471096103089119
"620",61.2,-130.7,0.476669859578681,0.00537719785313207
"621",61.2,-130.6,0.467325091012866,0.00635354768939667
"622",61.2,-130.5,0.458781284279019,0.00738285617930068
"623",61.2,-130.4,0.452264061557472,0.00826604331633518
"624",61.2,-130.3,0.448227756958331,0.0088593310752797
"625",61.2,-130.2,0.446199073998944,0.00917165353844041
"626",61.2,-130.1,0.456466662652203,0.007686331317874
"627",61.2,-130,0.457844443702923,0.00750436830201595
"628",61.2,-129.9,0.455089293247505,0.00787218267190626
"629",61.2,-129.8,0.449070162579575,0.00873245631296005
"630",61.2,-129.7,0.453985029179039,0.0080240797960065
"631",61.2,-129.6,0.45637280035389,0.00769887036758643
"632",61.2,-129.5,0.449088031794508,0.00872978270586544
"633",61.2,-129.4,0.418146187198814,0.0146153234211968
"634",61.2,-129.3,0.403125389259753,0.0185696641019814
"635",61.2,-129.2,0.417435474539867,0.0147841826857965
"636",61.2,-129.1,0.44430720154145,0.00947173092215225
"637",61.2,-129,0.458554549167584,0.00741210165897155
"638",61.2,-128.9,0.434096120880303,0.0112475188856346
"639",61.2,-128.8,0.420475044167269,0.0140738608475059
"640",61.2,-128.7,0.396116491985128,0.0207154714996989
"641",61.2,-128.6,0.42061372568735,0.0140421830568531
"642",61.2,-128.5,0.428316813985285,0.0123785551543838
"643",61.2,-128.4,0.43282896126213,0.0114873373343356
"644",61.2,-128.3,0.438460592050405,0.0104551859901912
"645",61.2,-128.2,0.43045609642899,0.0119486509288866
"646",61.2,-128.1,0.411935749858419,0.0161500307245485
"647",61.2,-128,0.390863203080491,0.0224625681355145
"648",61.2,-127.9,0.370176348529273,0.0306449802742554
"649",61.2,-127.8,0.348777612846928,0.0416807131653106
"650",61.2,-127.7,0.353825854699782,0.0388121150301844
"651",61.2,-127.6,0.357003859947006,0.0370936915653359
"652",61.2,-127.5,0.367244065877625,0.0319905034148834
"653",61.2,-127.4,0.377136184342299,0.027644513129843
"654",61.2,-127.3,0.366568542256693,0.0323075576250287
"655",61.2,-127.2,0.353865935280248,0.0387900284245558
"656",61.2,-127.1,0.344762958299449,0.0440882963924282
"657",61.3,-131.6,0.494454797167029,0.00388466065442161
"658",61.3,-131.5,0.498764698012879,0.00358494599162662
"659",61.3,-131.4,0.49480190383383,0.00385970537551994
"660",61.3,-131.3,0.477320313800459,0.00531456795362717
"661",61.3,-131.2,0.456755549485741,0.00764785374789123
"662",61.3,-131,0.444504639328042,0.00944001040246734
"663",61.3,-130.9,0.44124983760632,0.00997520925289719
"664",61.3,-130.8,0.440584597153183,0.0100878668567665
"665",61.3,-130.7,0.438087666118704,0.0105208927916542
"666",61.3,-130.6,0.435024184890368,0.011074707692983
"667",61.3,-130.5,0.426420919241891,0.0127709417158159
"668",61.3,-130.4,0.427108694148044,0.0126273410001043
"669",61.3,-130.3,0.439191098514934,0.01032753330841
"670",61.3,-130.2,0.450379261156292,0.00853851341564427
"671",61.3,-130.1,0.453303694506762,0.00811910486647571
"672",61.3,-130,0.455463519770032,0.00782129332035264
"673",61.3,-129.9,0.460573734065358,0.0071552763571161
"674",61.3,-129.8,0.46735649318443,0.00635001560578519
"675",61.3,-129.7,0.470859361660511,0.00596693444263818
"676",61.3,-129.6,0.463981276418626,0.0067399293773901
"677",61.3,-129.5,0.448126244789946,0.00887473047240428
"678",61.3,-129.4,0.419561798326928,0.0142840451042667
"679",61.3,-129.3,0.410589195683369,0.0165008920147076
"680",61.3,-129.2,0.423718381479044,0.0133492989218582
"681",61.3,-129.1,0.449857785965077,0.00861530363964014
"682",61.3,-129,0.446291375904489,0.0091572327062287
"683",61.3,-128.9,0.434583051122863,0.011156553176915
"684",61.3,-128.8,0.420071968220447,0.0141662902434283
"685",61.3,-128.7,0.414474445690627,0.0155063411054525
"686",61.3,-128.6,0.411825554871832,0.0161784950088764
"687",61.3,-128.5,0.405196082626202,0.0179741194503397
"688",61.3,-128.4,0.403050811485742,0.018591431549454
"689",61.3,-128.3,0.405867334164821,0.0177846874735754
"690",61.3,-128.2,0.396711733146388,0.0205251873583473
"691",61.3,-128.1,0.393908537575278,0.021434797171789
"692",61.3,-128,0.3953071242486,0.0209766730051917
"693",61.3,-127.9,0.376824828225681,0.0277731182138792
"694",61.3,-127.8,0.363801982053186,0.0336342752785983
"695",61.3,-127.7,0.365120741435944,0.0329961556716627
"696",61.3,-127.6,0.355766722107711,0.0377547827432309
"697",61.3,-127.5,0.350665245872771,0.0405877467458895
"698",61.4,-130.7,0.396946627812642,0.0204505177303599
"699",61.4,-130.6,0.376650126399169,0.0278455041817084
"700",61.4,-130.5,0.355516406508997,0.0378897565082575
"701",61.4,-130.4,0.375973888633687,0.0281272320700802
"702",61.4,-130.3,0.396163652056784,0.0207003396717411
"703",61.4,-130.2,0.441358750974227,0.00995687205673301
"704",61.4,-130.1,0.44535813293459,0.00930397485995504
"705",61.4,-130,0.455694472296755,0.00779003440587656
"706",61.4,-129.9,0.468494479437267,0.00622320247060437
"707",61.4,-129.8,0.464727634541492,0.00665190087687484
"708",61.4,-129.7,0.449657523034497,0.00864495718292335
"709",61.4,-129.6,0.439527063736414,0.0102692919792968
"710",61.4,-129.5,0.439754003398926,0.0102301164163546
"711",61.4,-129.4,0.435019310902876,0.0110756090632752
"712",61.4,-129.3,0.439716154922939,0.0102366407690275
"713",61.4,-129.2,0.435515406481,0.0109841972680231
"714",61.4,-129.1,0.430751844769543,0.0118902717294442
"715",61.4,-129,0.421806228603469,0.0137723771177674
"716",61.4,-128.9,0.41476469281966,0.0154342063770166
"717",61.4,-128.8,0.405771926495743,0.0178115050941159
"718",61.4,-128.7,0.400900223661036,0.0192288146360192
"719",61.4,-128.6,0.387252074891055,0.0237365750716034
"720",61.4,-128.5,0.373221390424529,0.0292994448131103
"721",61.4,-128.4,0.38391699197178,0.0249684077895229
"722",61.4,-128.3,0.38874049879694,0.0232040567328476
"723",61.4,-128.2,0.38898736073847,0.0231167464248959
"724",61.4,-128.1,0.387247735634021,0.0237381429134332
"725",61.4,-128,0.383914534306484,0.024969335576876
"726",61.4,-127.9,0.376981079583688,0.0277085145298432
"727",61.4,-127.8,0.378317104687689,0.0271613934588174
"728",61.4,-127.7,0.363500277314811,0.0337817383952275
"729",61.4,-127.6,0.354206083877956,0.0386030173300853
"730",61.4,-127.5,0.342673355079713,0.0453872075082711
"731",61.5,-130.7,0.425325151174611,0.0130027139879717
"732",61.5,-130.6,0.413783596258728,0.0156792317018805
"733",61.5,-130.5,0.42404853419062,0.0132774247178086
"734",61.5,-130.4,0.434919691863936,0.01109404638292
"735",61.5,-130.3,0.446023794716894,0.00919909418647646
"736",61.5,-130.2,0.456263315997035,0.00771351952648103
"737",61.5,-130.1,0.452070585184093,0.00829364979266445
"738",61.5,-130,0.461599814549112,0.00702785225929214
"739",61.5,-129.9,0.456482360253979,0.00768423606513147
"740",61.5,-129.8,0.443072554142198,0.00967225520446235
"741",61.5,-129.7,0.431779776355812,0.0116893257015072
"742",61.5,-129.6,0.424805614141949,0.0131138987712031
"743",61.5,-129.5,0.414707822460046,0.0154483169808635
"744",61.5,-129.4,0.403163445486919,0.0185585650061904
"745",61.5,-129.3,0.386834684568522,0.0238877966570299
"746",61.5,-129.2,0.388876733540109,0.02315583779176
"747",61.5,-129.1,0.389731553165406,0.0228552640590247
"748",61.5,-129,0.385991230152547,0.0241959344412112
"749",61.5,-128.9,0.37155528106829,0.0300292244481526
"750",61.5,-128.8,0.368598237608666,0.0313629541462421
"751",61.5,-128.7,0.360121528559278,0.035471271828315
"752",61.5,-128.6,0.357345058635694,0.0369131081001264
"753",61.5,-128.5,0.361262145829919,0.0348930211941685
"754",61.5,-128.4,0.360164847358707,0.0354491623603518
"755",61.5,-128.3,0.364116137602889,0.0334813120717474
"756",61.5,-128.2,0.367573667658806,0.0318367767760609
"757",61.5,-128.1,0.362456024142032,0.0342964099767666
"758",61.5,-128,0.353033772458941,0.0392507927746168
"759",61.5,-127.9,0.351413986254124,0.0401609956422689
"760",61.5,-127.5,0.347398480511622,0.0424949143378114
"761",61.5,-127.4,0.33682781740085,0.0491932468319917
"762",61.6,-130.5,0.446941966827841,0.00905616012351862
"763",61.6,-130.4,0.453053817141581,0.00815420668154976
"764",61.6,-130.3,0.458612639143582,0.00740459902598223
"765",61.6,-130.2,0.443977221495308,0.00952495804677655
"766",61.6,-130.1,0.439504412972952,0.0102732093973044
"767",61.6,-130,0.443968824212772,0.00952631603603371
"768",61.6,-129.9,0.438097963278613,0.0105190735880014
"769",61.6,-129.8,0.437048538773235,0.0107059212655297
"770",61.6,-129.7,0.428044456392129,0.0124342590278348
"771",61.6,-129.6,0.422840527272779,0.0135420831831586
"772",61.6,-129.5,0.412637821899854,0.0159697110931827
"773",61.6,-129.4,0.389852442133619,0.0228130315441866
"774",61.6,-129.3,0.367600236378352,0.0318244127261926
"775",61.6,-129.2,0.363806215442002,0.0336322100636731
"776",61.6,-129.1,0.355974953817706,0.0376428130895828
"777",61.6,-129,0.343791396084406,0.0446882697299327
"778",61.6,-128.9,0.339813427298295,0.0472171160708581
"779",61.6,-128.8,0.340625979766875,0.0466910049077131
"780",61.6,-128.7,0.342271612777717,0.0456405946851294
"781",61.6,-128.6,0.342418205706158,0.0455479977212802
"782",61.6,-128.3,0.341053091943813,0.0464164423314819
"783",61.6,-128.2,0.340298990082265,0.0469021278684087
"784",61.6,-128.1,0.350001823646288,0.0409690760538342
"785",61.6,-128,0.344918875706528,0.0439926480160919
"786",61.6,-127.6,0.341743480126444,0.0459755113704419
"787",61.7,-130.7,0.387696400268601,0.0235765081535213
"788",61.7,-130.6,0.409897701341101,0.0166836578718106
"789",61.7,-130.5,0.434064689829127,0.0112534132327826
"790",61.7,-130.4,0.432969449370232,0.011460527172824
"791",61.7,-130.3,0.418002811882286,0.0146492506218341
"792",61.7,-130.2,0.401739378410158,0.0189778717962997
"793",61.7,-130.1,0.395077884035384,0.0210511736861619
"794",61.7,-130,0.392282053843767,0.021978507401479
"795",61.7,-129.9,0.409590044985501,0.0167655429023839
"796",61.7,-129.8,0.420199034129394,0.0141370950988556
"797",61.7,-129.7,0.419513920896399,0.0142951401280882
"798",61.7,-129.6,0.415568628643337,0.0152359450407858
"799",61.7,-129.5,0.392826828126799,0.0217950756048083
"800",61.7,-129.4,0.360452113810817,0.0353028418633449
"801",61.7,-129.3,0.351580827093881,0.0400664234964935
"802",61.7,-129.2,0.341830898178302,0.0459199324474379
"803",61.8,-130.5,0.438321200334814,0.0104797029326562
"804",61.8,-130.4,0.421641625350899,0.0138093444581134
"805",61.8,-130.3,0.392889759878488,0.0217739718400664
"806",61.8,-130.2,0.380397515819942,0.0263280022986773
"807",61.8,-130.1,0.376868105839084,0.0277552116604107
"808",61.8,-130,0.372858414459217,0.0294571200812522
"809",61.8,-129.9,0.376414014412892,0.027943593280119
"810",61.8,-129.8,0.384319010424363,0.0248170440119625
"811",61.8,-129.7,0.389344681301082,0.0229908744099709
"812",61.8,-129.6,0.381440357984578,0.025918629359289
"813",61.8,-129.5,0.366296023360186,0.032436223321306
"814",61.8,-129.4,0.345277134908268,0.043773535525821
"815",61.8,-126.8,0.343796869441302,0.0446848705478371
"816",61.8,-126.7,0.338463241340886,0.048102357145806
"817",61.9,-130.4,0.416943536614913,0.0149020675948328
"818",61.9,-130.2,0.368285592599838,0.0315068943842171
"819",61.9,-130.1,0.342682177950034,0.0453816560740679
"820",61.9,-130,0.342330015560165,0.045603684962969
"821",61.9,-129.9,0.34126521124593,0.0462805905731464
"822",61.9,-129.8,0.353477142103626,0.0390047261072854
"823",61.9,-129.7,0.363062176001835,0.0339968516335685
"824",61.9,-129.6,0.362862506990723,0.0340952794314127
"825",61.9,-129.5,0.350768514411068,0.0405286603668634
"826",61.9,-129.4,0.338978532252917,0.0477628781084027
"827",61.9,-127.2,0.34379291134454,0.0446873286685846
"828",61.9,-127.1,0.367728259996534,0.0317648932048923
"829",61.9,-127,0.363567303153793,0.0337489307412997
"830",61.9,-126.9,0.357506398437547,0.0368279781475093
"831",61.9,-126.8,0.348949185369749,0.0415803513481791
"832",62,-129.8,0.336984396421943,0.0490879118433177
"833",62,-129.5,0.336478443211235,0.0494289643149325
"834",62,-127.5,0.339786965474388,0.0472343330537113
"835",62,-127.4,0.402900061910941,0.0186354998888473
"836",62,-127.3,0.409530759224948,0.0167813627327253
"837",62,-127.2,0.390665202717057,0.0225308502829866
"838",62,-127.1,0.371339940814453,0.0301246772305366
"839",62.1,-127.6,0.336501423216337,0.0494134309935247
"840",62.1,-127.5,0.37969908427024,0.0266052888148672
"841",62.1,-127.4,0.385987134807714,0.0241974389535919
"842",62.1,-127.3,0.384955693412798,0.0245789527460053
"843",62.1,-127.2,0.379075313472058,0.0268550628787251
"844",64,-122.1,0.336401094517168,0.0494812782229871
"845",64,-122,0.336808947200786,0.0492059541288747
"846",64.1,-122.7,0.339476154054714,0.0474369532929548
"847",64.1,-122.6,0.345527883805575,0.0436207255274146
"848",64.1,-122.5,0.351956080306477,0.0398544048559751
"849",64.1,-122.4,0.358685945806735,0.036210663006074
"850",64.1,-122.3,0.363818676794677,0.0336261315512232
"851",64.1,-122.2,0.367128397648075,0.0320446018216194
"852",64.1,-122.1,0.365076962439072,0.033017171896502
"853",64.1,-122,0.359680057005191,0.0356972660821672
"854",64.1,-121.9,0.353701692259953,0.0388806031948252
"855",64.1,-121.8,0.350705288064825,0.040564827445244
"856",64.2,-123,0.337058538757904,0.0490381003418952
"857",64.2,-122.9,0.348455881884008,0.0418694634650761
"858",64.2,-122.8,0.358348453205213,0.0363863821323286
"859",64.2,-122.7,0.366339799579552,0.0324155254919396
"860",64.2,-122.6,0.367171004689664,0.0320246652545516
"861",64.2,-122.5,0.363944744718902,0.033564689807057
"862",64.2,-122.4,0.36935141039627,0.0310185118182303
"863",64.2,-122.3,0.37456261130295,0.0287231070366289
"864",64.2,-122.2,0.380740863071543,0.0261926069172953
"865",64.2,-122.1,0.385431012601335,0.0244024970422777
"866",64.2,-122,0.382538272348679,0.0254935963835348
"867",64.2,-121.9,0.380786591757706,0.0261746197813369
"868",64.2,-121.8,0.377690929947506,0.0274166489536237
"869",64.2,-121.7,0.367479702481333,0.031880537563861
"870",64.2,-121.6,0.352308521212351,0.0396561428648342
"871",64.3,-123.2,0.337492952891681,0.0487470969622006
"872",64.3,-123.1,0.347990626628236,0.0421436945515888
"873",64.3,-123,0.361563445624443,0.0347416241167369
"874",64.3,-122.9,0.372594663066461,0.0295721499916271
"875",64.3,-122.8,0.382476364086967,0.0255174013440496
"876",64.3,-122.7,0.39122457365051,0.02233841002822
"877",64.3,-122.6,0.396221693774661,0.0206817295767464
"878",64.3,-122.5,0.398840890796451,0.0198569695652243
"879",64.3,-122.4,0.399004398590043,0.0198064483424666
"880",64.3,-122.3,0.398231105547533,0.0200463767204656
"881",64.3,-122.2,0.399617209569308,0.0196180970538605
"882",64.3,-122.1,0.399255950420397,0.019728942113182
"883",64.3,-122,0.394562621696944,0.0212194705449394
"884",64.3,-121.9,0.385184010760976,0.0244940555731734
"885",64.3,-121.8,0.379576287271428,0.026654300690507
"886",64.3,-121.7,0.367472538265009,0.0318838761459772
"887",64.3,-121.6,0.350951151262783,0.0404243409461396
"888",64.4,-123.3,0.33622683403505,0.0495993075241353
"889",64.4,-123.2,0.349235548441057,0.0414132982444599
"890",64.4,-123.1,0.36450394044015,0.0332933108644299
"891",64.4,-123,0.377684142563128,0.0274194270799605
"892",64.4,-122.9,0.389224713584793,0.0230330684586835
"893",64.4,-122.8,0.39902664326541,0.0197995837835718
"894",64.4,-122.7,0.40618627265492,0.0176952954571989
"895",64.4,-122.6,0.411329148822968,0.0163072682289402
"896",64.4,-122.5,0.413631247201525,0.0157175857086364
"897",64.4,-122.4,0.41039844798768,0.0165511312295441
"898",64.4,-122.3,0.405974480695215,0.0177546124256995
"899",64.4,-122.2,0.401240575187695,0.0191266876214095
"900",64.4,-122.1,0.395919621431525,0.0207787437827812
"901",64.4,-122,0.388655648549865,0.0232341326784791
"902",64.4,-121.9,0.379619627193481,0.0266369935621258
"903",64.4,-121.8,0.371885248866158,0.0298834656858937
"904",64.4,-121.7,0.360988083709126,0.0350312207937651
"905",64.4,-121.6,0.341141541688441,0.0463597539609321
"906",64.5,-123.3,0.339060946467895,0.0477087699996089
"907",64.5,-123.2,0.358350771079685,0.036385172832364
"908",64.5,-123.1,0.371178354730496,0.030196473807879
"909",64.5,-123,0.383757592212176,0.0250286442638121
"910",64.5,-122.9,0.394213056442509,0.0213343129963441
"911",64.5,-122.8,0.404527831101347,0.0181644580820862
"912",64.5,-122.7,0.412009470498216,0.0161310126507367
"913",64.5,-122.6,0.413860586887771,0.0156598805807235
"914",64.5,-122.5,0.411329486711617,0.0163071802714685
"915",64.5,-122.4,0.406685908561844,0.0175560491878702
"916",64.5,-122.3,0.402808070388766,0.0186624364757442
"917",64.5,-122.2,0.398405420907002,0.0199920718310409
"918",64.5,-122.1,0.392977899338509,0.021744444725938
"919",64.5,-122,0.387420512331575,0.0236757853592919
"920",64.5,-121.9,0.380698079664949,0.0262094452154673
"921",64.5,-121.8,0.368139375803374,0.0315744061226604
"922",64.5,-121.7,0.351881894820239,0.0398962441099461
"923",64.6,-123.4,0.340248521479541,0.0469347846833983
"924",64.6,-123.3,0.362441703117565,0.0343035145702392
"925",64.6,-123.2,0.374282973815264,0.0288424583010158
"926",64.6,-123.1,0.374776540167882,0.0286320880319436
"927",64.6,-123,0.377863075802063,0.0273462695293314
"928",64.6,-122.9,0.380252906403042,0.026385208253537
"929",64.6,-122.8,0.387646580532386,0.0235944088205066
"930",64.6,-122.7,0.400390007370203,0.0193828045733466
"931",64.6,-122.6,0.412710482856164,0.0159511503770158
"932",64.6,-122.5,0.412222641089566,0.0160761307031062
"933",64.6,-122.4,0.411044326881859,0.0163815600831206
"934",64.6,-122.3,0.407188505041818,0.0174169478663371
"935",64.6,-122.2,0.402141508274102,0.0188586361673333
"936",64.6,-122.1,0.395997944757444,0.0207535512763083
"937",64.6,-122,0.388061135437275,0.0234458142214901
"938",64.6,-121.9,0.37544127873453,0.0283508491497587
"939",64.6,-121.8,0.36688682770484,0.0321578378024638
"940",64.6,-121.7,0.362888162849913,0.0340826186296695
"941",64.6,-121.6,0.347119592280281,0.0426611870170069
"942",64.7,-123.4,0.347682851337169,0.042325937637691
"943",64.7,-123.3,0.347872958034108,0.0422132911489252
"944",64.7,-123.2,0.336797369222483,0.0492137521667523
"945",64.7,-123,0.359771037639363,0.03565059186352
"946",64.7,-122.9,0.379505241899932,0.0266826925723118
"947",64.7,-122.8,0.385239591442123,0.0244734270365292
"948",64.7,-122.7,0.392463777220516,0.0219171703092009
"949",64.7,-122.6,0.401475866407438,0.0190563628511237
"950",64.7,-122.5,0.404110282990032,0.0182842825918629
"951",64.7,-122.4,0.40586638757184,0.017784953372352
"952",64.7,-122.3,0.40522528971601,0.017965840367962
"953",64.7,-122.2,0.402095107422465,0.0188723609745386
"954",64.7,-122.1,0.396900243051445,0.0204652439756225
"955",64.7,-122,0.389094930374684,0.0230787904491945
"956",64.7,-121.9,0.378593804880066,0.0270492537060335
"957",64.7,-121.8,0.368332540412797,0.0314852437503776
"958",64.7,-121.7,0.355769288426845,0.0377534010681723
"959",64.7,-121.6,0.348068250082564,0.0420978363326177
"960",64.7,-121.5,0.3383279721205,0.0481918091200161
"961",64.8,-123.5,0.335900541774443,0.0498209453591201
"962",64.8,-123.4,0.352843500973174,0.0393567954746038
"963",64.8,-123.3,0.364173082882966,0.0334536490643654
"964",64.8,-123.2,0.368930251698405,0.0312107145144392
"965",64.8,-123.1,0.373592083317351,0.0291391673702767
"966",64.8,-123,0.379426451320071,0.0267142102162397
"967",64.8,-122.9,0.397231892119009,0.0203601549892705
"968",64.8,-122.8,0.40203724739256,0.0188894875046473
"969",64.8,-122.7,0.403368735057699,0.0184987923809076
"970",64.8,-122.6,0.393056000714323,0.021718309542214
"971",64.8,-122.5,0.378280903100968,0.0271760947080493
"972",64.8,-122.4,0.362644337017341,0.0342031057486063
"973",64.8,-122.3,0.371421627305623,0.0300884378221327
"974",64.8,-122.2,0.384652685152371,0.0246920164862104
"975",64.8,-122.1,0.3858992114975,0.0242297590261292
"976",64.8,-122,0.378100124249143,0.027249610738856
"977",64.8,-121.9,0.365083380881196,0.0330140899895304
"978",64.8,-121.8,0.356656448595186,0.0372783354738647
"979",64.8,-121.7,0.350973911035517,0.0404113568743378
"980",64.8,-121.6,0.342318913824606,0.0456106991640908
"981",64.8,-121.4,0.336142460030669,0.0496565401274721
"982",64.9,-123.4,0.351347834171504,0.0401985457052909
"983",64.9,-123.3,0.375772290529258,0.0282116939082856
"984",64.9,-123.2,0.395902283513183,0.0207843240841461
"985",64.9,-123.1,0.397319868950348,0.0203323570649919
"986",64.9,-123,0.408393593233154,0.0170873510446795
"987",64.9,-122.9,0.421713951900043,0.0137930902576903
"988",64.9,-122.8,0.430173795135555,0.0120046126618418
"989",64.9,-122.7,0.422059311572786,0.0137157090795053
"990",64.9,-122.6,0.391746609699905,0.0221601049316295
"991",64.9,-122.5,0.347202259162234,0.0426118438964972
"992",65,-123.5,0.336380334374327,0.0494953270123746
"993",65,-123.4,0.357954705133405,0.036592309255659
"994",65,-123.3,0.379138402813266,0.0268297085638105
"995",65,-123.2,0.39019179223809,0.0226948418146284
"996",65,-123.1,0.406657127536746,0.0175640441793208
"997",65,-123,0.419619737396861,0.0142706285750471
"998",65,-122.9,0.423405806768915,0.0134176630956022
"999",65,-122.8,0.405941672752834,0.0177638165765291
"1000",65,-122.7,0.384086365148034,0.0249045400006379
"1001",65.1,-123.3,0.337260166726505,0.0489028538947612
"1002",65.1,-123.2,0.35246445028859,0.0395686940277711
"1003",65.3,-123.2,0.345020573849353,0.0439303551859452
"1004",65.3,-123.1,0.356219238642031,0.0375118173489354
"1005",65.3,-123,0.356754555612479,0.0372261139637318
"1006",65.3,-122.9,0.353074841464144,0.0392279445402559
"1007",65.4,-120.9,0.343540684692036,0.0448442059120417
"1008",65.4,-120.8,0.361026352709507,0.0350118950976015
"1009",65.4,-120.7,0.362895383920575,0.0340790558587707
"1010",65.4,-120.6,0.35852879132684,0.0362923969678721
"1011",65.4,-120.5,0.353385149521631,0.0390556732598447
"1012",65.4,-120.4,0.352704245128202,0.0394345306542626
"1013",65.4,-120.3,0.352708224249983,0.0394323076274505
"1014",65.5,-120.5,0.340871953900463,0.0465327177415694
"1015",65.5,-120.4,0.353459007891232,0.039014764691983
"1016",65.5,-120.3,0.368958686476102,0.0311977057418584
"1017",65.5,-120.1,0.365309585219031,0.0329056318916852
"1018",65.5,-120,0.365306536762242,0.0329070915037362
"1019",65.5,-119.9,0.365310038105308,0.0329054150528394
"1020",65.6,-122.9,0.349578726194563,0.0412138507059688
"1021",65.6,-122.8,0.388599732501287,0.0232539711295123
"1022",65.6,-122.7,0.345887074853825,0.0434026144650451
"1023",65.6,-120.5,0.354408015958933,0.0384923594801524
"1024",65.6,-120.4,0.367710657980269,0.0317730709030178
"1025",65.6,-120.3,0.367717019277341,0.0317701153079003
"1026",65.6,-120,0.365306161488936,0.0329072711897737
"1027",65.7,-122.9,0.365969478308838,0.0325909745562698
"1028",65.7,-122.8,0.363497775146206,0.0337829636788489
"1029",65.7,-122.7,0.356308220523251,0.037464198027727
"1030",65.7,-119.8,0.369165341905062,0.0311033016008674
"1031",65.7,-119.7,0.356123897797155,0.0375628968683419
"1032",65.7,-119.6,0.354060014749371,0.0386832309430858
"1033",65.7,-119.5,0.34073805439962,0.0466188274939181
"1034",65.8,-119.8,0.380612942361403,0.026242980603188
"1035",65.8,-119.7,0.38059567689921,0.026249785949812
"1036",65.8,-119.6,0.380591801253386,0.0262513137821697
"1037",65.8,-119.5,0.359203860660667,0.0359424120691405
"1038",65.8,-119.4,0.336547912653085,0.0493820190075333
